Race_ID,Series_ID,Race_Date,Race_Name,Actual_Dist,Diff_Index,Gender,Ticket_Position,Name,Nationality,Age_Category,Gender_Rank,WS_Date,WS_Year,WS_ID,WS_Finisher_Flag,WS_DNF_Flag,WS_DNS_Flag,GT_Finish_Time,GT_Pace,WS_Finish_Time,WS_Pace,WS_Gender_Rank,Num_WS_Finish,Days_to_WS
16,50001,1/9/2016,Bandera,62.64,33,M,1,jim walmsley,USA,20-34,1,6/25/2016,2016,34773,TRUE,FALSE,FALSE,0.324039352,7:26,0.781666667,11:15,19,0,168
16,50001,1/9/2016,Bandera,62.64,33,M,2,christopher denucci,USA,35-39,2,6/25/2016,2016,34773,TRUE,FALSE,FALSE,0.337893519,7:46,0.713854167,10:17,9,1,168
16,50001,1/9/2016,Bandera,62.64,33,F,1,janessa taylor,USA,35-39,2,6/25/2016,2016,34773,FALSE,FALSE,TRUE,0.403159722,9:16,,,,0,168
16,50001,1/9/2016,Bandera,62.64,33,F,2,michele yates,USA,20-34,3,6/25/2016,2016,34773,FALSE,TRUE,FALSE,0.406863426,9:21,,,,0,168
17,50001,1/7/2017,Bandera,62.64,33,F,1,stephanie howe violett,USA,20-34,1,6/24/2017,2017,41765,TRUE,FALSE,FALSE,0.380960648,8:45,0.953078704,13:43,34,2,168
17,50001,1/7/2017,Bandera,62.64,33,M,1,jeff ball,USA,20-34,2,6/24/2017,2017,41765,TRUE,FALSE,FALSE,0.39005787,8:58,0.960543981,13:50,39,0,168
17,50001,1/7/2017,Bandera,62.64,33,F,2,camille herron,USA,35-39,2,6/24/2017,2017,41765,FALSE,TRUE,FALSE,0.395787037,9:05,,,,0,168
17,50001,1/7/2017,Bandera,62.64,33,M,2,joel frost-tift,USA,20-34,3,6/24/2017,2017,41765,TRUE,FALSE,FALSE,0.398530093,9:09,1.153518519,16:37,108,0,168
18,50001,1/6/2018,Bandera,62.64,33,M,1,mario mendoza,USA,20-34,1,6/23/2018,2018,51243,TRUE,FALSE,FALSE,0.338715278,7:47,0.773043981,11:08,15,0,168
18,50001,1/6/2018,Bandera,62.64,33,M,2,cody reed,USA,20-34,2,6/23/2018,2018,51243,TRUE,FALSE,FALSE,0.350416667,8:03,0.704733796,10:09,7,0,168
18,50001,1/6/2018,Bandera,62.64,33,F,1,anna hailey,USA,35-39,3,6/23/2018,2018,51243,TRUE,FALSE,FALSE,0.49224537,11:18,1.049479167,15:07,26,0,168
19,50001,1/5/2019,Bandera,62.64,33,M,1,tyler green,USA,20-34,1,6/29/2019,2019,61359,TRUE,FALSE,FALSE,0.35181713,8:05,0.695509259,10:01,14,0,175
19,50001,1/5/2019,Bandera,62.64,33,F,1,brittany peterson,USA,20-34,1,6/29/2019,2019,61359,TRUE,FALSE,FALSE,0.393738426,9:03,0.732280093,10:33,2,0,175
19,50001,1/5/2019,Bandera,62.64,33,M,2,chris mocko,USA,20-34,2,6/29/2019,2019,61359,TRUE,FALSE,FALSE,0.352106481,8:05,0.687175926,9:54,12,2,175
19,50001,1/5/2019,Bandera,62.64,33,F,2,ladia albertson-junkans,USA,20-34,2,6/29/2019,2019,61359,TRUE,FALSE,FALSE,0.401203704,9:13,1.111134259,16:00,31,0,175
20,50001,1/11/2020,Bandera,62.64,33,M,1,drew holmen,USA,20-34,1,6/26/2021,2021,79446,TRUE,FALSE,FALSE,0.342534722,7:52,0.682743056,9:50,3,0,532
20,50001,1/11/2020,Bandera,62.64,33,F,1,ailsa macdonald,CAN,35-39,1,6/26/2021,2021,79446,FALSE,FALSE,TRUE,0.386550926,8:53,,,,1,532
20,50001,1/11/2020,Bandera,62.64,33,M,2,alex nichols,USA,20-34,2,6/26/2021,2021,79446,TRUE,FALSE,FALSE,0.343344907,7:53,0.773078704,11:08,10,1,532
20,50001,1/11/2020,Bandera,62.64,33,F,2,michelle magagna,USA,20-34,2,6/26/2021,2021,79446,TRUE,FALSE,FALSE,0.405277778,9:19,0.854155093,12:18,11,0,532
21,50001,1/9/2021,Bandera,62.64,33,M,1,ryan miller,USA,20-34,1,6/26/2021,2021,79446,FALSE,TRUE,FALSE,0.34037037,7:49,,,,0,168
21,50001,1/9/2021,Bandera,62.64,33,F,1,katie asmuth,USA,20-34,1,6/26/2021,2021,79446,TRUE,FALSE,FALSE,0.392361111,9:01,0.76625,11:02,5,0,168
21,50001,1/9/2021,Bandera,62.64,33,M,2,cody lind,USA,20-34,2,6/26/2021,2021,79446,TRUE,FALSE,FALSE,0.342731481,7:52,0.701157407,10:06,4,0,168
21,50001,1/9/2021,Bandera,62.64,33,F,1,erin clark,USA,20-34,2,6/26/2021,2021,79446,FALSE,TRUE,FALSE,0.399386574,9:10,,,,0,168
22,50001,1/8/2022,Bandera,62.64,33,M,1,jonathan rea,USA,20-34,1,6/25/2022,2022,87878,TRUE,FALSE,FALSE,0.340277778,7:49,0.786342593,11:19,16,0,168
22,50001,1/8/2022,Bandera,62.64,33,F,1,marianne hogan,CAN,20-34,1,6/25/2022,2022,87878,TRUE,FALSE,FALSE,0.386875,8:53,0.754027778,10:51,3,0,168
22,50001,1/8/2022,Bandera,62.64,33,M,2,tyler fox,USA,20-34,2,6/25/2022,2022,87878,TRUE,FALSE,FALSE,0.343668981,7:54,0.825775463,11:53,19,0,168
22,50001,1/8/2022,Bandera,62.64,33,F,2,ellie pell,USA,20-34,2,6/25/2022,2022,87878,TRUE,FALSE,FALSE,0.409166667,9:24,0.900833333,12:58,14,0,168
23,50001,1/7/2023,Bandera,62.64,33,M,1,jeffrey colt,USA,20-34,1,6/24/2023,2023,97204,TRUE,FALSE,FALSE,0.349930556,8:02,0.654270833,9:25,8,1,168
23,50001,1/7/2023,Bandera,62.64,33,F,1,courtney dauwalter,USA,35-39,1,6/24/2023,2023,97204,TRUE,FALSE,FALSE,0.374733796,8:36,0.645520833,9:18,1,1,168
23,50001,1/7/2023,Bandera,62.64,33,M,2,jp giblin,USA,20-34,2,6/24/2023,2023,97204,TRUE,FALSE,FALSE,0.353564815,8:07,0.718773148,10:21,18,0,168
23,50001,1/7/2023,Bandera,62.64,33,F,2,nicole bitter,USA,40-44,2,6/24/2023,2023,97204,FALSE,TRUE,FALSE,0.419479167,9:38,,,,6,168
14221,142,8/27/2021,UTMB,108.69,100,F,1,courtney dauwalter,USA,35-39,1,6/25/2022,2022,87878,FALSE,FALSE,TRUE,0.938125,12:25,,,,1,302
14221,142,8/27/2021,UTMB,108.69,100,F,2,camille bruyas,FRA,20-34,2,6/25/2022,2022,87878,TRUE,FALSE,FALSE,1.006736111,13:20,0.815555556,11:45,10,0,302
14221,142,8/27/2021,UTMB,108.69,100,M,1,ludovic pommeret,FRA,45-49,4,6/25/2022,2022,87878,TRUE,FALSE,FALSE,0.901898148,11:56,0.680578704,9:48,6,0,302
14222,142,8/26/2022,UTMB,108.69,100,F,1,katie schide,USA,20-34,1,6/24/2023,2023,97204,TRUE,FALSE,FALSE,0.968888889,12:50,0.697048611,10:02,2,0,302
14222,142,8/26/2022,UTMB,108.69,100,M,1,mathieu blanchard,FRA,35-39,2,6/24/2023,2023,97204,TRUE,FALSE,FALSE,0.82974537,10:59,0.650717593,9:22,6,0,302
14222,142,8/26/2022,UTMB,108.69,100,M,2,tom evans,GBR,20-34,3,6/24/2023,2023,97204,TRUE,FALSE,FALSE,20:34:35,11:21,0.611365741,8:48,1,1,302
14222,142,8/26/2022,UTMB,108.69,100,F,2,eszter csillag,HUN,35-39,5,6/24/2023,2023,97204,TRUE,FALSE,FALSE,1.106006944,14:39,0.713831019,10:17,3,0,302
23444,32444,9/30/2023,Nice Cote d Azur,68.07,50.8,M,1,jim walmsley,USA,20-34,1,6/29/2024,2024,108752,TRUE,FALSE,FALSE,0.472974537,10:00,0.592881944,8:32,1,4,273
23444,32444,9/30/2023,Nice Cote d Azur,68.07,50.8,F,1,eleanor davis,GBR,35-39,1,6/29/2024,2024,108752,FALSE,TRUE,FALSE,0.575925926,12:11,,,,0,273
23444,32444,9/30/2023,Nice Cote d Azur,68.07,50.8,M,2,simon gosselin,FRA,20-34,2,6/29/2024,2024,108752,TRUE,FALSE,FALSE,0.490613426,10:22,0.711261574,10:15,16,0,273
23444,32444,9/30/2023,Nice Cote d Azur,68.07,50.8,F,2,giulia vinco,ITA,20-34,3,6/29/2024,2024,108752,TRUE,FALSE,FALSE,0.645115741,13:38,0.865740741,12:28,19,0,273
25073,25273,12/9/2022,Doi Inthanon,106.88,80.8,M,1,jiaju zhao,CHN,20-34,1,6/24/2023,2023,97204,FALSE,TRUE,FALSE,0.912372685,12:17,,,,0,197
25073,25273,12/9/2022,Doi Inthanon,106.88,80.8,F,1,jenny quilty,CAN,20-34,1,6/24/2023,2023,97204,TRUE,FALSE,FALSE,1.141828704,15:23,0.784178241,11:18,11,0,197
25073,25273,12/9/2022,Doi Inthanon,106.88,80.8,M,2,canhua luo,CHN,20-34,2,6/24/2023,2023,97204,TRUE,FALSE,FALSE,0.924872685,12:27,0.724467593,10:26,19,0,197
25073,25273,12/9/2022,Doi Inthanon,106.88,80.8,F,2,wenfei xie,CHN,40-44,2,6/24/2023,2023,97204,TRUE,FALSE,FALSE,1.182094907,15:55,0.990729167,14:16,22,0,197
25373,25273,12/8/2023,Doi Inthanon,106.88,80.8,M,1,ji duo,CHN,20-34,1,6/29/2024,2024,108752,TRUE,FALSE,FALSE,0.999178241,13:27,0.649652778,9:21,12,0,204
25373,25273,12/8/2023,Doi Inthanon,106.88,80.8,F,1,lin chen,CHN,20-34,1,6/29/2024,2024,108752,FALSE,TRUE,FALSE,1.253645833,16:53,,,,0,204
25373,25273,12/8/2023,Doi Inthanon,106.88,80.8,F,2,anna li,CHN,20-34,2,6/29/2024,2024,108752,FALSE,TRUE,FALSE,1.257800926,16:56,,,,0,204
25373,25273,12/8/2023,Doi Inthanon,106.88,80.8,M,2,robert hajnal,ROU,20-34,4,6/29/2024,2024,108752,TRUE,FALSE,FALSE,1.124861111,15:09,0.796400463,11:28,24,0,204
27160,50487,4/9/2016,Lake Sonoma 50M,50.49,30.5,F,1,yiou wang,USA,20-34,1,6/25/2016,2016,34773,TRUE,FALSE,FALSE,0.301909722,8:36,0.927824074,13:22,13,0,77
27160,50487,4/9/2016,Lake Sonoma 50M,50.49,30.5,M,1,tim freriks,USA,20-34,2,6/25/2016,2016,34773,FALSE,FALSE,TRUE,0.262476852,7:29,,,,0,77
27160,50487,4/9/2016,Lake Sonoma 50M,50.49,30.5,M,2,mario mendoza,USA,20-34,3,6/25/2016,2016,34773,FALSE,TRUE,FALSE,0.271342593,7:44,,,,0,77
27160,50487,4/9/2016,Lake Sonoma 50M,50.49,30.5,F,2,anna mae flynn,USA,20-34,3,6/25/2016,2016,34773,FALSE,TRUE,FALSE,0.311365741,8:52,,,,0,77
33769,29758,2/6/2016,Sean O'Brien 100K,62,42.1,M,1,stephen wassather,USA,20-34,1,6/25/2016,2016,34773,TRUE,FALSE,FALSE,0.400949074,9:18,0.793298611,11:25,20,1,140
33769,29758,2/6/2016,Sean O'Brien 100K,62,42.1,F,1,devon yanko,USA,20-34,1,6/25/2016,2016,34773,TRUE,FALSE,FALSE,0.435439815,10:06,0.798703704,11:30,3,0,140
33769,29758,2/6/2016,Sean O'Brien 100K,62,42.1,M,2,jesse haynes,USA,40-44,2,6/25/2016,2016,34773,TRUE,FALSE,FALSE,0.413449074,9:36,0.717013889,10:19,10,2,140
33769,29758,2/6/2016,Sean O'Brien 100K,62,42.1,F,2,amelia boone,USA,20-34,2,6/25/2016,2016,34773,FALSE,FALSE,TRUE,0.445960648,10:21,,,,0,140
34087,10254,2/13/2016,Black Canyon,62.93,31.4,M,1,sage canaday,USA,20-34,1,6/25/2016,2016,34773,TRUE,FALSE,FALSE,0.328078704,7:30,0.719444444,10:22,11,0,133
34087,10254,2/13/2016,Black Canyon,62.93,31.4,F,1,amy sproston,USA,40-44,1,6/25/2016,2016,34773,TRUE,FALSE,FALSE,0.423310185,9:41,0.788009259,11:21,2,3,133
34087,10254,2/13/2016,Black Canyon,62.93,31.4,M,2,charlie ware,USA,20-34,2,6/25/2016,2016,34773,TRUE,FALSE,FALSE,0.362037037,8:17,0.846273148,12:11,32,0,133
34087,10254,2/13/2016,Black Canyon,62.93,31.4,F,2,denise bourassa,USA,45-49,2,6/25/2016,2016,34773,FALSE,FALSE,TRUE,0.439375,10:03,,,,4,133
34211,45236,3/19/2016,Georgia Death Race,74.38,50.5,M,1,andrew miller,USA,20-34,1,6/25/2016,2016,34773,TRUE,FALSE,FALSE,0.488090278,9:26,0.6525,9:24,1,0,98
34211,45236,3/19/2016,Georgia Death Race,74.38,50.5,F,1,bethany patterson,USA,35-39,1,6/25/2016,2016,34773,TRUE,FALSE,FALSE,0.603622685,11:41,0.861597222,12:24,7,0,98
34211,45236,3/19/2016,Georgia Death Race,74.38,50.5,M,2,caleb denton,USA,20-34,2,6/25/2016,2016,34773,FALSE,TRUE,FALSE,0.501793981,9:42,,,,0,98
34211,45236,3/19/2016,Georgia Death Race,74.38,50.5,F,2,maggie guterl,USA,35-39,2,6/25/2016,2016,34773,TRUE,FALSE,FALSE,0.6128125,11:51,0.868136574,12:30,8,0,98
35675,50487,4/15/2017,Lake Sonoma 50M,50.49,30.5,F,1,yiou wang,USA,20-34,1,6/24/2017,2017,41765,FALSE,TRUE,FALSE,0.307337963,8:45,,,,1,70
35675,50487,4/15/2017,Lake Sonoma 50M,50.49,30.5,F,2,magdalena boulet,USA,40-44,2,6/24/2017,2017,41765,TRUE,FALSE,FALSE,0.314571759,8:58,0.825868056,11:54,2,1,70
35675,50487,4/15/2017,Lake Sonoma 50M,50.49,30.5,M,1,zachary szablewski,USA,20-34,4,6/24/2017,2017,41765,TRUE,FALSE,FALSE,0.286967593,8:11,0.830023148,11:57,17,0,70
35675,50487,4/15/2017,Lake Sonoma 50M,50.49,30.5,M,2,jared burdick,USA,20-34,5,6/24/2017,2017,41765,TRUE,FALSE,FALSE,0.28849537,8:13,0.849872685,12:14,19,0,70
37338,37038,9/23/2023,Grindstone,65.71,38.4,M,1,caleb olson,USA,20-34,1,6/29/2024,2024,108752,TRUE,FALSE,FALSE,0.371331019,8:08,0.61125,8:48,5,0,280
37338,37038,9/23/2023,Grindstone,65.71,38.4,F,1,lotti brinks,USA,20-34,1,6/29/2024,2024,108752,TRUE,FALSE,FALSE,0.442650463,9:42,0.787256944,11:20,14,0,280
37338,37038,9/23/2023,Grindstone,65.71,38.4,M,2,caleb bowen,USA,20-34,2,6/29/2024,2024,108752,TRUE,FALSE,FALSE,0.374641204,8:12,0.79369213,11:26,23,0,280
37338,37038,9/23/2023,Grindstone,65.71,38.4,F,2,devon yanko,USA,40-44,2,6/29/2024,2024,108752,FALSE,FALSE,TRUE,0.44706019,9:47,,,,1,280
37539,3753,4/27/2019,The Canyons,61.7,41.5,F,1,kathryn drew,CAN,20-34,1,6/29/2019,2019,61359,TRUE,FALSE,FALSE,0.456990741,10:39,0.791064815,11:23,8,0,63
37539,3753,4/27/2019,The Canyons,61.7,41.5,M,1,brian condon,USA,20-34,2,6/29/2019,2019,61359,TRUE,FALSE,FALSE,0.401851852,9:22,0.725706019,10:27,17,1,63
37539,3753,4/27/2019,The Canyons,61.7,41.5,F,2,kim magnus,CAN,35-39,2,6/29/2019,2019,61359,TRUE,FALSE,FALSE,0.474456019,11:04,0.913993056,13:10,18,0,63
37541,3753,4/24/2021,The Canyons,61.7,41.5,M,1,anthony costales,USA,20-34,1,6/26/2021,2021,79446,FALSE,FALSE,TRUE,0.383101852,8:56,,,,0,63
37541,3753,4/24/2021,The Canyons,61.7,41.5,M,2,max king,USA,40-44,2,6/26/2021,2021,79446,FALSE,TRUE,FALSE,0.391111111,9:07,,,,0,63
37541,3753,4/24/2021,The Canyons,61.7,41.5,F,1,abby hall,USA,20-34,2,6/26/2021,2021,79446,TRUE,FALSE,FALSE,0.440729167,10:17,0.924768519,13:19,14,0,63
37541,3753,4/24/2021,The Canyons,61.7,41.5,F,2,emily hawgood,USA,20-34,4,6/26/2021,2021,79446,TRUE,FALSE,FALSE,0.442523148,10:19,0.801331019,11:32,7,0,63
37542,3753,4/23/2022,The Canyons,61.7,41.5,M,1,adam peterman,USA,20-34,1,6/25/2022,2022,87878,TRUE,FALSE,FALSE,0.355520833,8:17,0.634583333,9:08,1,0,63
37542,3753,4/23/2022,The Canyons,61.7,41.5,F,1,jazmine lowther,CAN,20-34,1,6/25/2022,2022,87878,FALSE,FALSE,TRUE,0.417986111,9:45,,,,0,63
37542,3753,4/23/2022,The Canyons,61.7,41.5,F,2,leah yingling,USA,20-34,2,6/25/2022,2022,87878,TRUE,FALSE,FALSE,0.433912037,10:07,0.772581019,11:08,6,0,63
37542,3753,4/23/2022,The Canyons,61.7,41.5,M,2,jared hazen,USA,20-34,3,6/25/2022,2022,87878,FALSE,TRUE,FALSE,0.366354167,8:33,,,,3,63
37542,3753,4/23/2022,The Canyons,61.7,41.5,F,3,aroa sio seijo,ESP,40-44,3,6/25/2022,2022,87878,TRUE,FALSE,FALSE,0.435891204,10:10,0.846145833,12:11,12,0,63
37542,3753,4/23/2022,The Canyons,61.7,41.5,M,3,rod farvard,USA,20-34,4,6/25/2022,2022,87878,TRUE,FALSE,FALSE,0.386354167,9:01,0.950590278,13:41,41,0,63
37543,3753,4/28/2023,The Canyons,61.7,41.5,M,1,cole watson,USA,20-34,1,6/24/2023,2023,97204,TRUE,FALSE,FALSE,0.357384259,8:20,0.662916667,9:33,9,1,57
37543,3753,4/28/2023,The Canyons,61.7,41.5,F,1,ida nilsson,SWE,40-44,1,6/24/2023,2023,97204,TRUE,FALSE,FALSE,0.410497685,9:34,0.738587963,10:38,7,0,57
37543,3753,4/28/2023,The Canyons,61.7,41.5,M,2,adam merry,USA,20-34,2,6/24/2023,2023,97204,TRUE,FALSE,FALSE,0.368518519,8:36,0.769849537,11:05,20,0,57
37543,3753,4/28/2023,The Canyons,61.7,41.5,F,2,priscilla forgie,CAN,20-34,2,6/24/2023,2023,97204,TRUE,FALSE,FALSE,0.416898148,9:43,0.740671296,10:40,8,0,57
37544,3753,4/27/2024,The Canyons,61.7,41.5,M,1,rod farvard,USA,20-34,1,6/29/2024,2024,108752,TRUE,FALSE,FALSE,0.364236111,8:30,0.600173611,8:39,2,2,63
37544,3753,4/27/2024,The Canyons,61.7,41.5,M,2,petter engdahl,NOR,20-34,3,6/29/2024,2024,108752,TRUE,FALSE,FALSE,0.371886574,8:40,0.682361111,9:50,13,0,63
37544,3753,4/27/2024,The Canyons,61.7,41.5,F,1,anna louden,USA,20-34,3,6/29/2024,2024,108752,TRUE,FALSE,FALSE,0.433761574,10:07,0.74525463,10:44,11,0,63
37544,3753,4/27/2024,The Canyons,61.7,41.5,F,2,careth arnold,USA,20-34,4,6/29/2024,2024,108752,TRUE,FALSE,FALSE,0.443541667,10:21,0.787256944,11:20,14,0,63
38282,29758,2/4/2017,Sean O'Brien 100K,62,42.1,F,1,emily torrence,USA,20-34,1,6/24/2017,2017,41765,TRUE,FALSE,FALSE,0.4140625,9:37,1.059652778,15:16,18,1,140
38282,29758,2/4/2017,Sean O'Brien 100K,62,42.1,M,1,ryan kaiser,USA,35-39,2,6/24/2017,2017,41765,TRUE,FALSE,FALSE,0.354178241,8:13,0.90162037,12:59,21,1,140
38282,29758,2/4/2017,Sean O'Brien 100K,62,42.1,F,2,sabrina stanley,USA,20-34,2,6/24/2017,2017,41765,TRUE,FALSE,FALSE,0.430497685,9:59,0.841446759,12:07,3,0,140
38292,45236,4/1/2017,Georgia Death Race,74.38,50.5,M,1,avery collins,USA,20-34,1,6/24/2017,2017,41765,TRUE,FALSE,FALSE,0.498831019,9:39,0.734155093,10:34,6,0,84
38292,45236,4/1/2017,Georgia Death Race,74.38,50.5,F,1,jacqueline merritt,USA,20-34,2,6/24/2017,2017,41765,TRUE,FALSE,FALSE,0.600347222,11:37,0.880127315,12:40,7,0,84
38292,45236,4/1/2017,Georgia Death Race,74.38,50.5,F,2,alondra moody,USA,40-44,3,6/24/2017,2017,41765,TRUE,FALSE,FALSE,0.617361111,11:57,1.075543981,15:29,19,0,84
38965,10254,2/18/2017,Black Canyon,62.93,31.4,M,1,alex nichols,USA,20-34,1,6/24/2017,2017,41765,TRUE,FALSE,FALSE,0.330219907,7:33,0.700266204,10:05,2,0,126
38965,10254,2/18/2017,Black Canyon,62.93,31.4,F,1,nicole bitter,USA,35-39,1,6/24/2017,2017,41765,TRUE,FALSE,FALSE,0.396018519,9:03,0.875601852,12:37,6,1,126
38965,10254,2/18/2017,Black Canyon,62.93,31.4,M,2,elov olsson,SWE,20-34,2,6/24/2017,2017,41765,TRUE,FALSE,FALSE,0.332048611,7:35,0.781203704,11:15,13,0,126
38965,10254,2/18/2017,Black Canyon,62.93,31.4,F,2,clare gallagher,USA,20-34,2,6/24/2017,2017,41765,FALSE,TRUE,FALSE,0.403842593,9:14,,,,0,126
43685,50487,4/14/2018,Lake Sonoma 50M,50.49,30.5,F,1,camelia mayfield,USA,20-34,3,6/23/2018,2018,51243,TRUE,FALSE,FALSE,0.323553241,9:13,0.824270833,11:52,7,0,70
43685,50487,4/14/2018,Lake Sonoma 50M,50.49,30.5,M,1,eric senseman,USA,20-34,4,6/23/2018,2018,51243,TRUE,FALSE,FALSE,0.273310185,7:47,0.958773148,13:48,57,0,70
46885,29758,2/3/2018,Sean O'Brien 100K,62,42.1,M,1,florian neuschwander,DEU,35-39,1,6/23/2018,2018,51243,TRUE,FALSE,FALSE,0.366712963,8:31,0.848657407,12:13,25,0,140
46885,29758,2/3/2018,Sean O'Brien 100K,62,42.1,F,1,courtney dauwalter,USA,20-34,1,6/23/2018,2018,51243,TRUE,FALSE,FALSE,0.401585648,9:19,0.727083333,10:28,1,0,140
46885,29758,2/3/2018,Sean O'Brien 100K,62,42.1,M,2,charlie ware,USA,20-34,2,6/23/2018,2018,51243,TRUE,FALSE,FALSE,0.379791667,8:49,0.707835648,10:12,8,1,140
46885,29758,2/3/2018,Sean O'Brien 100K,62,42.1,F,2,kate elliott,USA,20-34,2,6/23/2018,2018,51243,TRUE,FALSE,FALSE,0.427199074,9:55,0.836550926,12:03,10,0,140
48278,10254,2/17/2018,Black Canyon,62.93,31.4,M,1,tim freriks,USA,20-34,1,6/23/2018,2018,51243,TRUE,FALSE,FALSE,0.341736111,7:49,0.754490741,10:52,13,0,126
48278,10254,2/17/2018,Black Canyon,62.93,31.4,F,1,ailsa macdonald,CAN,35-39,1,6/23/2018,2018,51243,TRUE,FALSE,FALSE,0.370520833,8:28,0.874375,12:35,13,0,126
48278,10254,2/17/2018,Black Canyon,62.93,31.4,M,2,juan moran,USA,35-39,2,6/23/2018,2018,51243,FALSE,TRUE,FALSE,0.370543981,8:28,,,,0,126
48278,10254,2/17/2018,Black Canyon,62.93,31.4,F,2,paige pattillo,USA,20-34,3,6/23/2018,2018,51243,TRUE,FALSE,FALSE,0.423368056,9:41,0.874502315,12:36,14,0,126
48295,45236,3/31/2018,Georgia Death Race,74.38,50.5,F,1,aliza lapierre,USA,35-39,1,6/23/2018,2018,51243,TRUE,FALSE,FALSE,0.563530093,10:54,0.832141204,11:59,8,3,84
48295,45236,3/31/2018,Georgia Death Race,74.38,50.5,M,1,bob shebest,USA,40-44,2,6/23/2018,2018,51243,TRUE,FALSE,FALSE,0.516331019,9:59,1.070011574,15:24,113,1,84
48295,45236,3/31/2018,Georgia Death Race,74.38,50.5,F,2,jasmine chiaramonte,USA,40-44,2,6/23/2018,2018,51243,TRUE,FALSE,FALSE,0.634282407,12:16,0.89037037,12:49,15,0,84
56933,45236,3/30/2019,Georgia Death Race,74.38,50.5,M,1,morgan elliott,USA,20-34,1,6/29/2019,2019,61359,FALSE,TRUE,FALSE,0.523715278,10:08,,,,0,91
56933,45236,3/30/2019,Georgia Death Race,74.38,50.5,F,1,luzia buehler,CHE,35-39,1,6/29/2019,2019,61359,TRUE,FALSE,FALSE,0.612696759,11:51,0.84931713,12:14,11,1,91
56933,45236,3/30/2019,Georgia Death Race,74.38,50.5,M,2,shaun pope,USA,20-34,2,6/29/2019,2019,61359,FALSE,TRUE,FALSE,0.571631944,11:04,,,,1,91
56933,45236,3/30/2019,Georgia Death Race,74.38,50.5,F,2,liz canty,USA,20-34,2,6/29/2019,2019,61359,TRUE,FALSE,FALSE,0.612905093,11:51,0.872094907,12:33,13,0,91
57573,50487,4/13/2019,Lake Sonoma 50M,50.49,30.5,M,1,jared hazen,USA,20-34,1,6/29/2019,2019,61359,TRUE,FALSE,FALSE,0.255914352,7:17,0.601921296,8:40,2,2,77
57573,50487,4/13/2019,Lake Sonoma 50M,50.49,30.5,F,1,addie bracy,USA,20-34,3,6/29/2019,2019,61359,TRUE,FALSE,FALSE,0.311076389,8:52,0.828912037,11:56,9,0,77
57573,50487,4/13/2019,Lake Sonoma 50M,50.49,30.5,M,2,stephen kersh,USA,20-34,4,6/29/2019,2019,61359,TRUE,FALSE,FALSE,0.26318287,7:30,0.662673611,9:33,7,0,77
57827,10254,2/16/2019,Black Canyon,62.93,31.4,M,1,matt daniels,USA,20-34,1,6/29/2019,2019,61359,TRUE,FALSE,FALSE,0.30587963,6:59,0.64,9:13,5,0,133
57827,10254,2/16/2019,Black Canyon,62.93,31.4,F,1,kaci lickteig,USA,20-34,1,6/29/2019,2019,61359,TRUE,FALSE,FALSE,0.360162037,8:14,0.747164352,10:46,3,5,133
57827,10254,2/16/2019,Black Canyon,62.93,31.4,F,2,yiou wang,USA,20-34,2,6/29/2019,2019,61359,FALSE,TRUE,FALSE,0.366967593,8:23,,,,1,133
57827,10254,2/16/2019,Black Canyon,62.93,31.4,M,2,eric senseman,USA,20-34,3,6/29/2019,2019,61359,FALSE,TRUE,FALSE,0.323831019,7:24,,,,1,133
62321,623,10/22/2021,Festival Des Templiers,63.29,43.6,M,1,vincent viet,FRA,35-39,1,6/25/2022,2022,87878,TRUE,FALSE,FALSE,0.45306713,10:18,0.686365741,9:53,7,0,246
62321,623,10/22/2021,Festival Des Templiers,63.29,43.6,M,2,aurelien collet,FRA,40-44,2,6/25/2022,2022,87878,FALSE,FALSE,TRUE,0.461041667,10:29,,,,0,246
62321,623,10/22/2021,Festival Des Templiers,63.29,43.6,F,2,anne-lise le quere,FRA,20-34,2,6/25/2022,2022,87878,TRUE,FALSE,FALSE,0.537395833,12:13,1.146689815,16:31,37,0,246
67039,10254,2/15/2020,Black Canyon,62.93,31.4,M,1,charlie ware,USA,35-39,2,6/26/2021,2021,79446,FALSE,TRUE,FALSE,0.346840278,7:56,,,,3,497
67039,10254,2/15/2020,Black Canyon,62.93,31.4,F,1,cecilia flori,USA,35-39,2,6/26/2021,2021,79446,FALSE,FALSE,TRUE,0.39400463,9:00,,,,2,497
67039,10254,2/15/2020,Black Canyon,62.93,31.4,M,2,elliot cardin,CAN,20-34,3,6/26/2021,2021,79446,FALSE,TRUE,FALSE,0.34693287,7:56,,,,0,497
67039,10254,2/15/2020,Black Canyon,62.93,31.4,F,2,stephanie auston,AUS,20-34,3,6/26/2021,2021,79446,FALSE,FALSE,TRUE,0.396631944,9:04,,,,0,497
73545,3753,4/26/2025,The Canyons,61.7,41.5,M,1,hans troyer,USA,20-34,2,6/28/2025,2025,119682,TRUE,FALSE,FALSE,0.352083333,8:13,0.671435185,9:40,8,0,63
73545,3753,4/26/2025,The Canyons,61.7,41.5,F,1,marianne hogan,CAN,35-39,2,6/28/2025,2025,119682,TRUE,FALSE,FALSE,0.410231481,9:34,0.702060185,10:07,3,1,63
73545,3753,4/26/2025,The Canyons,61.7,41.5,M,2,hannes namberger,DEU,35-39,3,6/28/2025,2025,119682,TRUE,FALSE,FALSE,0.355752315,8:18,0.708020833,10:12,11,0,63
73545,3753,4/26/2025,The Canyons,61.7,41.5,F,2,keely henninger,USA,20-34,3,6/28/2025,2025,119682,TRUE,FALSE,FALSE,0.415393519,9:41,0.748194444,10:46,9,1,63
73545,3753,4/26/2025,The Canyons,61.7,41.5,F,3,erin clark,USA,20-34,4,6/28/2025,2025,119682,TRUE,FALSE,FALSE,0.416030093,9:42,0.786365741,11:19,11,0,63
73545,3753,4/26/2025,The Canyons,61.7,41.5,M,3,ryan montgomery,USA,20-34,5,6/28/2025,2025,119682,TRUE,FALSE,FALSE,0.364733796,8:30,0.662835648,9:33,7,2,63
77199,10254,2/13/2021,Black Canyon,62.93,31.4,M,1,tyler green,USA,35-39,1,6/26/2021,2021,79446,TRUE,FALSE,FALSE,0.337881944,7:43,0.674328704,9:43,2,1,133
77199,10254,2/13/2021,Black Canyon,62.93,31.4,M,2,eric senseman,USA,20-34,2,6/26/2021,2021,79446,TRUE,FALSE,FALSE,0.340902778,7:48,0.874467593,12:36,13,1,133
77199,10254,2/13/2021,Black Canyon,62.93,31.4,F,1,sarah keyes,USA,35-39,3,6/26/2021,2021,79446,TRUE,FALSE,FALSE,0.387569444,8:52,0.907881944,13:04,12,1,133
77199,10254,2/13/2021,Black Canyon,62.93,31.4,F,2,mireya vargas,USA,35-39,4,6/26/2021,2021,79446,TRUE,FALSE,FALSE,0.400231481,9:09,0.949525463,13:40,16,0,133
81876,12057,10/30/2021,Javelina,98.43,44.1,M,1,arlen glick,USA,20-34,1,6/25/2022,2022,87878,TRUE,FALSE,FALSE,0.551979167,8:04,0.664085648,9:34,3,0,238
81876,12057,10/30/2021,Javelina,98.43,44.1,F,1,camille herron,USA,40-44,1,6/25/2022,2022,87878,TRUE,FALSE,FALSE,0.58568287,8:34,0.786041667,11:19,8,1,238
81876,12057,10/30/2021,Javelina,98.43,44.1,M,2,ryan montgomery,USA,20-34,2,6/25/2022,2022,87878,FALSE,FALSE,TRUE,0.565185185,8:16,,,,0,238
81876,12057,10/30/2021,Javelina,98.43,44.1,F,2,brittany peterson,USA,35-39,2,6/25/2022,2022,87878,TRUE,FALSE,FALSE,0.657905093,9:37,0.927858796,13:22,16,1,238
84317,10254,2/13/2022,Black Canyon,62.93,31.4,M,1,trueheart brown,USA,40-44,1,6/25/2022,2022,87878,FALSE,FALSE,TRUE,0.3315625,7:35,,,,0,132
84317,10254,2/13/2022,Black Canyon,62.93,31.4,M,2,scott traer,USA,40-44,2,6/25/2022,2022,87878,TRUE,FALSE,FALSE,0.335497685,7:40,0.691238426,9:57,10,0,132
84317,10254,2/13/2022,Black Canyon,62.93,31.4,F,1,dominika stelmach,POL,40-44,2,6/25/2022,2022,87878,TRUE,FALSE,FALSE,0.382546296,8:45,0.931886574,13:25,17,0,132
84317,10254,2/13/2022,Black Canyon,62.93,31.4,M,3,jeffrey colt,USA,20-34,3,6/25/2022,2022,87878,TRUE,FALSE,FALSE,0.336967593,7:42,0.702696759,10:07,11,0,132
84317,10254,2/13/2022,Black Canyon,62.93,31.4,F,2,anne-marie madden,CAN,40-44,3,6/25/2022,2022,87878,TRUE,FALSE,FALSE,0.391574074,8:57,0.818564815,11:47,11,0,132
84317,10254,2/13/2022,Black Canyon,62.93,31.4,F,3,taylor nowlin,USA,20-34,4,6/25/2022,2022,87878,TRUE,FALSE,FALSE,0.405717593,9:17,0.7824305555556,11:16,7,0,132
89523,895,2/11/2023,Tarawera,63.69,33.7,M,1,daniel jones,NZL,20-34,1,6/24/2023,2023,97204,TRUE,FALSE,FALSE,0.311053241,7:01,0.640451389,9:13,5,0,133
89523,895,2/11/2023,Tarawera,63.69,33.7,F,1,nancy jiang,NZL,20-34,1,6/24/2023,2023,97204,TRUE,FALSE,FALSE,0.393148148,8:53,0.998171296,14:22,23,0,133
89523,895,2/11/2023,Tarawera,63.69,33.7,F,2,stephanie auston,AUS,20-34,2,6/24/2023,2023,97204,TRUE,FALSE,FALSE,0.394085648,8:54,0.832037037,11:59,13,0,133
89523,895,2/11/2023,Tarawera,63.69,33.7,M,2,ryan montgomery,USA,20-34,3,6/24/2023,2023,97204,TRUE,FALSE,FALSE,0.341215278,7:42,0.651793981,9:23,7,0,133
89525,895,2/15/2025,Tarawera,63.69,33.7,M,1,hiroki kai,JPN,20-34,2,6/28/2025,2025,119682,TRUE,FALSE,FALSE,0.325520833,7:21,0.682476852,9:50,10,0,133
89525,895,2/15/2025,Tarawera,63.69,33.7,F,1,caitlin fielder,AND,20-34,2,6/28/2025,2025,119682,TRUE,FALSE,FALSE,0.3546875,8:01,0.741273148,10:40,8,0,133
89525,895,2/15/2025,Tarawera,63.69,33.7,M,2,adrian macdonald,USA,35-39,3,6/28/2025,2025,119682,TRUE,FALSE,FALSE,0.327141204,7:23,0.843344907,12:09,22,0,133
89525,895,2/15/2025,Tarawera,63.69,33.7,F,2,nancy jiang,NZL,20-34,5,6/28/2025,2025,119682,TRUE,FALSE,FALSE,0.382094907,8:38,0.845416667,12:10,14,1,133
90708,12057,10/29/2022,Javelina,98.43,44.1,M,1,dakota jones,USA,20-34,1,6/24/2023,2023,97204,TRUE,FALSE,FALSE,0.540300926,7:54,0.708773148,10:12,17,0,238
90708,12057,10/29/2022,Javelina,98.43,44.1,F,1,devon yanko,USA,40-44,1,6/24/2023,2023,97204,FALSE,FALSE,TRUE,0.608449074,8:54,,,,1,238
90708,12057,10/29/2022,Javelina,98.43,44.1,M,2,jonathan rea,USA,20-34,2,6/24/2023,2023,97204,TRUE,FALSE,FALSE,0.545810185,7:59,0.6934375,9:59,14,1,238
90708,12057,10/29/2022,Javelina,98.43,44.1,F,2,riley brady,USA,20-34,2,6/24/2023,2023,97204,TRUE,FALSE,FALSE,0.615081019,8:59,0.874328704,12:35,14,0,238
91882,74589,4/2/2016,Gorge Waterfalls 100K,64.57,40,F,1,jodee adams-moore,USA,20-34,1,6/25/2016,2016,34773,TRUE,FALSE,FALSE,0.436087963,9:43,0.871458333,12:33,9,0,84
91882,74589,4/2/2016,Gorge Waterfalls 100K,64.57,40,M,1,chris mocko,USA,20-34,2,6/25/2016,2016,34773,TRUE,FALSE,FALSE,0.381990741,8:31,0.709571759,10:13,7,0,84
91882,74589,4/2/2016,Gorge Waterfalls 100K,64.57,40,F,2,amanda basham,USA,20-34,2,6/25/2016,2016,34773,TRUE,FALSE,FALSE,0.440393519,9:49,0.841423611,12:07,4,0,84
91882,74589,4/2/2016,Gorge Waterfalls 100K,64.57,40,M,2,jeremy humphrey,USA,35-39,3,6/25/2016,2016,34773,FALSE,TRUE,FALSE,0.398738426,8:53,,,,0,84
91883,74589,4/8/2017,Gorge Waterfalls 100K,64.57,40,M,1,jim walmsley,USA,20-34,1,6/24/2017,2017,41765,FALSE,TRUE,FALSE,0.347546296,7:45,,,,1,77
91883,74589,4/8/2017,Gorge Waterfalls 100K,64.57,40,F,1,kaytlyn gerbin,USA,20-34,1,6/24/2017,2017,41765,TRUE,FALSE,FALSE,0.455138889,10:09,0.865914352,12:28,4,0,77
93392,10254,2/18/2023,Black Canyon,62.93,31.4,M,1,anthony costales,USA,20-34,1,6/24/2023,2023,97204,TRUE,FALSE,FALSE,0.314467593,7:11,0.631435185,9:06,3,0,126
93392,10254,2/18/2023,Black Canyon,62.93,31.4,F,1,keely henninger,USA,20-34,1,6/24/2023,2023,97204,FALSE,TRUE,FALSE,0.364930556,8:21,,,,1,126
93392,10254,2/18/2023,Black Canyon,62.93,31.4,M,2,janosch kowalczyk,DEU,20-34,3,6/24/2023,2023,97204,TRUE,FALSE,FALSE,0.319444444,7:18,0.673136574,9:42,10,0,126
93392,10254,2/18/2023,Black Canyon,62.93,31.4,F,2,meghan morgan,USA,20-34,3,6/24/2023,2023,97204,TRUE,FALSE,FALSE,0.370740741,8:29,0.758009259,10:55,10,0,126
99186,12057,10/28/2023,Javelina,98.43,44.1,M,1,jonathan rea,USA,20-34,1,6/29/2024,2024,108752,TRUE,FALSE,FALSE,0.529976852,7:45,0.634143519,9:08,9,2,245
99186,12057,10/28/2023,Javelina,98.43,44.1,F,1,heather jackson,USA,40-44,1,6/29/2024,2024,108752,TRUE,FALSE,FALSE,0.600543981,8:47,0.71994213,10:22,7,0,245
99186,12057,10/28/2023,Javelina,98.43,44.1,M,2,blake slattengren,USA,20-34,2,6/29/2024,2024,108752,TRUE,FALSE,FALSE,0.540358796,7:54,0.638159722,9:11,11,0,245
99186,12057,10/28/2023,Javelina,98.43,44.1,F,2,ragna debats,ESP,45-49,2,6/29/2024,2024,108752,TRUE,FALSE,FALSE,0.621840278,9:05,0.917337963,13:13,21,1,245
104108,10254,2/10/2024,Black Canyon,62.93,31.4,M,1,hayden hawks,USA,20-34,1,6/29/2024,2024,108752,TRUE,FALSE,FALSE,0.312708333,7:09,0.600358796,8:39,3,2,140
104108,10254,2/10/2024,Black Canyon,62.93,31.4,F,1,rachel drake,USA,20-34,1,6/29/2024,2024,108752,TRUE,FALSE,FALSE,0.366238426,8:22,0.72818287,10:29,8,0,140
104108,10254,2/10/2024,Black Canyon,62.93,31.4,M,2,jupiter carera casas,MEX,20-34,2,6/29/2024,2024,108752,TRUE,FALSE,FALSE,0.319398148,7:18,0.718113426,10:20,17,0,140
104108,10254,2/10/2024,Black Canyon,62.93,31.4,F,2,becca windell,USA,35-39,2,6/29/2024,2024,108752,TRUE,FALSE,FALSE,0.369976852,8:27,0.818530093,11:47,16,0,140
104108,10254,2/10/2024,Black Canyon,62.93,31.4,M,3,chris myers,USA,20-34,3,6/29/2024,2024,108752,TRUE,FALSE,FALSE,0.321550926,7:21,0.637789352,9:11,10,0,140
104108,10254,2/10/2024,Black Canyon,62.93,31.4,F,3,lauren puretz,USA,40-44,3,6/29/2024,2024,108752,TRUE,FALSE,FALSE,0.379837963,8:41,0.786400463,11:19,13,0,140
112165,12057,10/26/2024,Javelina,98.43,44.1,M,1,david roche,USA,35-39,1,6/28/2025,2025,119682,FALSE,TRUE,FALSE,0.531296296,7:46,,,,0,245
112165,12057,10/26/2024,Javelina,98.43,44.1,F,1,riley brady,USA,20-34,1,6/28/2025,2025,119682,FALSE,TRUE,FALSE,0.596539352,8:43,,,,1,245
112165,12057,10/26/2024,Javelina,98.43,44.1,M,2,jeff mogavero,USA,20-34,2,6/28/2025,2025,119682,TRUE,FALSE,FALSE,0.537858796,7:52,0.604293981,8:42,4,0,245
112165,12057,10/26/2024,Javelina,98.43,44.1,F,2,hannah allgood,USA,20-34,2,6/28/2025,2025,119682,TRUE,FALSE,FALSE,0.610069444,8:55,0.735439815,10:35,7,0,245
115592,10254,2/8/2025,Black Canyon,62.93,31.4,M,1,seth ruhling,USA,20-34,1,6/28/2025,2025,119682,TRUE,FALSE,FALSE,0.308969907,7:04,0.624722222,9:00,6,0,140
115592,10254,2/8/2025,Black Canyon,62.93,31.4,M,2,will murray,USA,20-34,2,6/28/2025,2025,119682,FALSE,FALSE,TRUE,0.310335648,7:06,,,,,140
115592,10254,2/8/2025,Black Canyon,62.93,31.4,F,1,tara dower,USA,20-34,2,6/28/2025,2025,119682,FALSE,TRUE,FALSE,0.350787037,8:01,,,,0,140
115592,10254,2/8/2025,Black Canyon,62.93,31.4,M,3,joe mcconaughy,USA,20-34,3,6/28/2025,2025,119682,TRUE,FALSE,FALSE,0.313622685,7:10,0.751782407,10:50,14,0,140
115592,10254,2/8/2025,Black Canyon,62.93,31.4,F,2,lin chen,CHN,20-34,4,6/28/2025,2025,119682,FALSE,FALSE,TRUE,0.368518519,8:25,,,,0,140
115592,10254,2/8/2025,Black Canyon,62.93,31.4,F,3,abby hall,USA,20-34,5,6/28/2025,2025,119682,TRUE,FALSE,FALSE,8:52:35,8:27,16:37:16,9:58,1,1,140
122877,12057,10/25/2025,Javelina,98.43,44.1,M,1,will murray,,,1,,2026,112625,,,,,,,,,,
122877,12057,10/25/2025,Javelina,98.43,44.1,F,1,tara dower,,,1,,2026,112625,,,,,,,,,,
122877,12057,10/25/2025,Javelina,98.43,44.1,M,2,canyon woodward,,,3,,2026,112625,,,,,,,,,,
122877,12057,10/25/2025,Javelina,98.43,44.1,F,2,addie bracy,,,3,,2026,112625,,,,,,,,,,
126002,29669,3/22/2025,Chianti (UTCC),74.92,50.2,F,1,fiona pascall,GBR,35-39,1,6/28/2025,2025,119682,TRUE,FALSE,FALSE,0.524293981,10:04,0.723518519,10:25,5,0,98
126002,29669,3/22/2025,Chianti (UTCC),74.92,50.2,M,1,kilian jornet burgada,NOR,35-39,2,6/28/2025,2025,119682,TRUE,FALSE,FALSE,0.435729167,8:22,0.596782407,8:36,3,2,98
126002,29669,3/22/2025,Chianti (UTCC),74.92,50.2,F,2,johanna antila,FIN,45-49,2,6/28/2025,2025,119682,TRUE,FALSE,FALSE,0.537060185,10:19,0.80087963,11:32,12,0,98
126002,29669,3/22/2025,Chianti (UTCC),74.92,50.2,M,2,vincent bouillard,FRA,20-34,3,6/28/2025,2025,119682,FALSE,TRUE,FALSE,0.436076389,8:22,,,,0,98
141023,141,9/1/2023,CCC,62.53,59.5,M,1,jonathan albon,NOR,35-39,1,6/29/2024,2024,108752,TRUE,FALSE,FALSE,0.426678241,9:49,0.622928241,8:58,6,0,302
141023,141,9/1/2023,CCC,62.53,59.5,F,1,yngvild kaspersen,NOR,20-34,1,6/29/2024,2024,108752,TRUE,FALSE,FALSE,0.49400463,11:22,0.701840278,10:06,5,0,302
141023,141,9/1/2023,CCC,62.53,59.5,M,2,dakota jones,USA,20-34,3,6/29/2024,2024,108752,TRUE,FALSE,FALSE,0.445601852,10:15,0.736886574,10:37,18,1,302
141023,141,9/1/2023,CCC,62.53,59.5,F,2,emily schmitz,USA,40-44,5,6/29/2024,2024,108752,TRUE,FALSE,FALSE,0.529444444,12:11,0.777719907,11:12,12,0,302
141024,141,8/30/2024,CCC,62.53,59.5,M,1,peter frano,SVK,20-34,2,6/28/2025,2025,119682,TRUE,FALSE,FALSE,0.435613426,10:01,0.67412037,9:42,9,0,302
141024,141,8/30/2024,CCC,62.53,59.5,F,1,martyna mlynarczyk,POL,35-39,2,6/28/2025,2025,119682,FALSE,TRUE,FALSE,0.507777778,11:41,,,,0,302
141024,141,8/30/2024,CCC,62.53,59.5,M,2,adam peterman,USA,20-34,3,6/28/2025,2025,119682,TRUE,FALSE,FALSE,0.436689815,10:03,0.964918981,13:54,49,1,302
141024,141,8/30/2024,CCC,62.53,59.5,F,2,rosanna buchauer,DEU,35-39,3,6/28/2025,2025,119682,FALSE,TRUE,FALSE,0.511747685,11:47,,,,0,302
141024,141,8/30/2024,CCC,62.53,59.5,F,3,hau ha thi,VNM,35-39,4,6/28/2025,2025,119682,TRUE,FALSE,FALSE,0.525185185,12:05,0.724849537,10:26,6,0,302
141024,141,8/30/2024,CCC,62.53,59.5,M,3,huohua zhang,CHN,20-34,5,6/28/2025,2025,119682,FALSE,FALSE,TRUE,0.448310185,10:19,,,,0,302
